base,Log10FC,p-val
AAA,-0.00165071543132263,0.3436972604546279
AAC,-0.012483032658545166,2.119956051251371e-06
AAG,0.004664312677430032,0.001463120155943047
AAT,-0.0020367273477462718,0.18087413509246297
ACA,-0.005264441900799506,0.014306561871515773
ACC,-0.007237963790908937,0.0004167406860807553
ACG,0.039821676551333125,2.244142018924644e-37
ACT,-0.006185406018339447,0.07430373150060825
AGA,-0.004429820373249897,0.03697564766138658
AGC,-0.01235776179120924,5.95748808293651e-12
AGG,-0.016005046997953846,7.995127006717789e-06
AGT,-0.00929933895003552,8.003620023995487e-05
ATA,0.03285715426068994,5.756673494913917e-23
ATC,0.028958442353475927,2.4171321097262765e-25
ATG,0.04558139954028711,9.280089357656276e-32
ATT,0.011439513104387445,1.0619235994586911e-06
CAA,0.0011955197099806738,0.5410744406830037
CAC,-0.0031633310613453564,0.004280069271778723
CAG,0.011114480599757061,2.6540896947315162e-08
CAT,-0.0024649675121598824,0.30321620947073347
CCA,-0.01042792221194896,5.663165156850885e-12
CCC,-0.02082212840278716,1.8529887497791914e-20
CCG,0.02566336430292042,3.9779508048637464e-13
CCT,-0.009805896236439165,5.441727573948493e-09
CGA,-0.004777243297927796,1.5143070261960576e-05
CGC,-0.009613084110025117,3.5200299018890586e-06
CGG,0.0009618130243098224,0.8575448298718953
CGT,-0.007789137894800972,1.7734784401080725e-08
CTA,0.02079332832169066,8.79673505302419e-17
CTC,0.024212628440621175,5.516429043815339e-26
CTG,0.026797085632313013,3.173018683213864e-19
CTT,0.006601023747454143,4.6677135522607604e-08
GAA,-0.005762556141840656,0.006986242750139351
GAC,-0.0021514465510415223,0.02870064644801162
GAG,0.007113630524793405,0.011886298950050047
GAT,0.001987143764217641,0.8462330578917486
GCA,-0.007039895889943713,4.2018124545768537e-07
GCC,-0.009074032231637894,3.949554261907825e-06
GCG,0.018813644407173587,2.368915836362769e-07
GCT,0.0007046253455835707,0.9219842951143002
GGA,-0.014053799676217773,1.9726433403942613e-13
GGC,-0.019329670461852605,1.952995669187764e-08
GGG,-0.018226336254921448,1.172349751569235e-10
GGT,-0.013998326231924619,2.09031520982153e-05
GTA,0.01754694594739536,2.668366974085992e-10
GTC,0.011598368185360227,6.82206452339085e-07
GTG,0.03208520066811205,1.9545753658194e-21
GTT,0.004484319132371094,0.5322953898810145
TAA,0.004129157074858419,0.1700897532444784
TAC,-0.006876677277377207,1.4126939202732706e-06
TAG,0.002057360865935968,0.16836878517506015
TAT,-0.0037242733480094942,0.012795057321860273
TCA,-0.010754631012696792,7.453415474565384e-07
TCC,-0.0074710711998284204,1.324067839151376e-09
TCG,0.027293327403387715,2.294953001923235e-06
TCT,-0.005837269817425129,3.866014342416324e-06
TGA,0.004822026698595487,0.00024608337433036973
TGC,-0.0006505852222181733,0.030189232564809664
TGG,-0.0013164522929846095,0.4351411621494058
TGT,0.00020776586995098525,0.2250446791510462
TTA,0.05193332569137671,1.9143194349204874e-25
TTC,0.05959388349448053,6.840218064256829e-31
TTG,0.033914958513155714,8.410251568235887e-15
TTT,0.02250476860881104,4.1351408596619663e-20
