sample_name,control_ED,case_ED,FrEIA_score
EE87786,0.003506881470312507,0.0018087084182438604,1.938887127930473
EE87787,0.004753383672236653,0.0012235697609363433,3.88484892647159
EE87788,0.004762844783095049,0.0026807935146657092,1.7766548438136491
EE87789,0.0057336499695496675,0.002126847837355519,2.695843994499755
EE87790,0.0046534900012344185,0.002378130160280789,1.9567852420176086
EE87791,0.0077394383482798845,0.0017006840584038974,4.55077961719909
EE87792,0.0348068424361944,0.02217253184672806,1.5698181279794055
EE87793,0.012296871538659616,0.002456695246321911,5.005452571730302
EE87794,0.0074500214548840525,0.0025133668368642914,2.9641600046648167
EE87795,0.003939007884650183,0.004179070644392033,0.9425559460058438
EE87796,0.012389444360231058,0.0031294320881025722,3.959007261200223
EE87797,0.007202370245409027,0.0026483179140474396,2.7196018299787896
EE87798,0.009561948565488324,0.0030788062181827357,3.10573251054828
EE87799,0.01573607460022576,0.006967585013958262,2.258468977228331
EE87800,0.01010873605518281,0.0027311983109181313,3.701209104726128
EE87801,0.014329891961224923,0.005937384409318996,2.4135024740411795
EE87802,0.002823894385802527,0.0027747358304936716,1.0177164812479138
EE87803,0.007117888425651088,0.0026635353613623145,2.6723461339783046
EE87804,0.010407980817033567,0.004665037187557959,2.23106063222658
EE87805,0.00567666966601421,0.0028071393170048514,2.022225840957219
EE87806,0.01435864115810762,0.006597214226789993,2.1764703501365767
EE87807,0.0029470634979878218,0.003580361416304997,0.823118997028308
EE87809,0.006446849104721505,0.0021319242911528695,3.0239578072611932
EE87810,0.01000270061293885,0.0038205862466073382,2.6181062191230993
EE87811.sortByCoord,0.007150568469981132,0.002528015463770173,2.8285303521510436
EE87812.sortByCoord,0.005800886270824124,0.005117312251812285,1.1335806738722563
EE87813.sortByCoord,0.0067714480112530725,0.004998356703805512,1.3547348483747894
EE87814.sortByCoord,0.0035496404657631105,0.004310797976387601,0.8234300204292265
EE87815.sortByCoord,0.0013019897817537272,0.002724618213953429,0.47786136607540924
EE87816.sortByCoord,0.003779286722896846,0.0028654126956052474,1.318932776661885
EE87817.sortByCoord,0.002722390632016651,0.0022151419553993515,1.228991498888319
EE87818.sortByCoord,0.003663782944835487,0.0025675774179103853,1.4269415672837804
EE87819.sortByCoord,0.01604203694279438,0.00862847534691966,1.8591971695812215
EE87820.sortByCoord,0.0046764714556120825,0.004317901112371578,1.083042740884717
EE87821.sortByCoord,0.010963431725303573,0.0029256745944624372,3.74731754039037
EE87822.sortByCoord,0.0038750898771890527,0.002547392531995741,1.521198570113234
EE87823.sortByCoord,0.009813840232555974,0.0031496516793775983,3.115849380048045
EE87824.sortByCoord,0.004479181426230603,0.004408979970468955,1.0159223802856563
EE87825.sortByCoord,0.004747479717688961,0.001748004741054226,2.7159421288673076
EE87826.sortByCoord,0.005080782899538847,0.004003493907252626,1.2690872066358418
EE87827.sortByCoord,0.005692281137627548,0.004894955297648076,1.1628872566747588
EE87828.sortByCoord,0.00595387632102536,0.004134386683360428,1.4400869529180207
EE87829.sortByCoord,0.0024325744420897956,0.0017252493754233195,1.4099842473456463
EE87830.sortByCoord,0.001705036447591967,0.0026208572144164528,0.6505644177077392
EE87831.sortByCoord,0.001891375402367247,0.003797951064621416,0.49799888681709004
EE87832.sortByCoord,0.0057888070679790425,0.0024175629438823627,2.394480393003874
EE87833.sortByCoord,0.017193495678382017,0.004160224407865445,4.132828903622476
EE87834.sortByCoord,0.0031310537972756053,0.0025834027599915287,1.2119882527670105
EE87835.sortByCoord,0.028475656460936326,0.007944794587683953,3.584190396197201
EE87836.sortByCoord,0.036624009306013706,0.005575357862128234,6.568907361945289
EE87837.sortByCoord,0.017118287598059737,0.009939607551009625,1.7222297268991198
EE87838.sortByCoord,0.005527682529541503,0.0024736873215617707,2.2345922547929713
EE87839.sortByCoord,0.00666830658297135,0.00249137461389356,2.6765571687952674
EE87840.sortByCoord,0.003849803648398222,0.0018837557120777182,2.0436851889632868
EE87841.sortByCoord,0.004216066494198026,0.002113555459666161,1.994774480563647
EE87842.sortByCoord,0.0034502803927546647,0.0018099849147115061,1.906248148650789
EE87843.sortByCoord,0.0009077571604257113,0.003510610291340506,0.25857531457275185
EE87844.sortByCoord,0.0031550611364155783,0.002826051564988561,1.116420229376936
EE87845.sortByCoord,0.0026552906818906644,0.0017610035657442465,1.5078281120733954
EE87846.sortByCoord,0.007685189685283233,0.002671479399560763,2.8767542383245814
EE87847.sortByCoord,0.015317423250259359,0.005016133693989881,3.0536313792058705
EE87848.sortByCoord,0.004987129953244413,0.0018329375461485276,2.720840087390677
EE87849.sortByCoord,0.0062550407106753605,0.0020680347705182094,3.02463033980225
EE87850.sortByCoord,0.003296922614873723,0.0040544654348507346,0.8131583972906898
EE87851.sortByCoord,0.003998633662882854,0.005144680084861712,0.7772366010957389
EE87852.sortByCoord,0.006813028854112622,0.0043310556573345465,1.5730642580348533
EE87853.sortByCoord,0.002174372445374831,0.003595857870249998,0.604688094978476
EE87854.sortByCoord,0.0039055400953670084,0.005011999349219953,0.7792379494173021
EE87855.sortByCoord,0.03762581501293989,0.006148071594684393,6.119937680210342
EE87856.sortByCoord,0.0062767140020761735,0.0010950263210359403,5.732021122686935
EE87857.sortByCoord,0.020003495304372454,0.003915219120703834,5.1091636732649715
EE87858.sortByCoord,0.03416950444380688,0.006450231737222008,5.297407261606858
EE87859.sortByCoord,0.03308971417886327,0.01239929440568978,2.668677192121439
EE87860.sortByCoord,0.036081313148914676,0.009181539619508558,3.9297671898349797
EE87861.sortByCoord,0.02840900124911094,0.005170019555025163,5.4949504439490795
EE87862.sortByCoord,0.009385230230160198,0.0030114781190712057,3.1164862765314636
EE87863.sortByCoord,0.014165938687178244,0.007639961330776152,1.8541898412644335
EE87864.sortByCoord,0.007581575890945532,0.001549464125041002,4.89303093141631
EE87865.sortByCoord,0.007354976656211424,0.0028398764830428907,2.589893152089017
EE87866.sortByCoord,0.006469965449120943,0.005024813338585672,1.287603143272589
EE87867.sortByCoord,0.003102551230927042,0.0028642345554218606,1.083204315461546
EE87868.sortByCoord,0.006697775965409233,0.0047673562619429816,1.4049245739984808
EE87869.sortByCoord,0.005345526205933687,0.0014423916291287366,3.7060158267575383
EE87870.sortByCoord,0.007693165247405947,0.002546813643205113,3.02070207136328
EE87871.sortByCoord,0.0038135810507030146,0.0038019096773053455,1.0030698712984527
EE87872.sortByCoord,0.003516332149316832,0.0032663509451122973,1.0765322552307497
EE87873.sortByCoord,0.00595571066403473,0.0025555373874959625,2.3305120454020907
EE87874.sortByCoord,0.00814134472716493,0.00344788407264181,2.3612582545233125
EE87875.sortByCoord,0.002180236875760148,0.0030192418007505967,0.7221140338008475
EE87876.sortByCoord,0.0045316917617670895,0.0020574777632341263,2.202547139388653
EE87877.sortByCoord,0.0018056815642094493,0.0024030882934893707,0.7514004246541997
EE87878.sortByCoord,0.007527675734640252,0.0018376067398762164,4.096456315319853
EE87879.sortByCoord,0.0026207963059424084,0.0030110901125505137,0.8703812267253899
EE87880.sortByCoord,0.006603063447867177,0.005151595041697565,1.2817512623607388
EE87881.sortByCoord,0.008155721422888057,0.00237570696881344,3.43296607281557
EE87882.sortByCoord,0.00704760017901918,0.0023540971525736138,2.993759272557804
EE87883.sortByCoord,0.005641435182876911,0.0035720362649548235,1.5793331210617652
EE87884.sortByCoord,0.01171940405872408,0.004785572156882788,2.448903427747672
EE87885.sortByCoord,0.006051729299445536,0.0037739293510073665,1.603561894403286
EE87886.sortByCoord,0.0021842884645887706,0.0022173552787125056,0.9850872729141831
EE87887.sortByCoord,0.017576279466394437,0.005897211064230891,2.980439274592374
EE87888.sortByCoord,0.011205043091381671,0.002359375010635067,4.749157315337352
EE87889.sortByCoord,0.01683781025550759,0.002915558328955757,5.775158084914136
EE87890.sortByCoord,0.007472568827976853,0.0031457732441830207,2.3754314910633463
EE87891.sortByCoord,0.02337793136797568,0.007003183873443212,3.338186143680616
EE87892.sortByCoord,0.00819893706710638,0.0016802000363918706,4.879738655828807
EE87893.sortByCoord,0.00430464698636352,0.0033315584012248915,1.2920821033126297
EE87894.sortByCoord,0.0071483876321713465,0.0031038981063533145,2.3030355337823227
EE87895.sortByCoord,0.0042845755244344105,0.0052989082944913885,0.8085770287605368
EE87896.sortByCoord,0.007817281598875563,0.004444467912483795,1.7588790723222631
EE87897.sortByCoord,0.008232529410966765,0.001969896663734919,4.1791681576626
EE87898.sortByCoord,0.03317247696492555,0.007049542638621878,4.705621153801613
EE87899.sortByCoord,0.006676421409220514,0.004407962159722908,1.5146276595169785
EE87900.sortByCoord,0.004954389996844208,0.0031008316477871565,1.5977616844757776
EE87901.sortByCoord,0.0036532692888563475,0.0027540512009958137,1.3265073966436765
EE87902.sortByCoord,0.01739255700033933,0.024491258183631372,0.7101536748309472
EE87903.sortByCoord,0.013241238386319586,0.009459266712121538,1.399816580850993
EE87904.sortByCoord,0.012983827088124487,0.010035633098818915,1.2937725961357178
EE87905.sortByCoord,0.009259654443320636,0.004250104750749362,2.1786885233094573
EE87906.sortByCoord,0.007292384848984693,0.004582873373263303,1.591225472544977
EE87907.sortByCoord,0.009527904297763587,0.004638391968837196,2.0541395297715965
EE87908.sortByCoord,0.008774588877005836,0.005208980386833475,1.6845117902891324
EE87909.sortByCoord,0.007760198764218525,0.0032503023562201095,2.3875313474661266
EE87910.sortByCoord,0.004803148874323304,0.004573871175449723,1.050127712407868
EE87911.sortByCoord,0.008908986654933733,0.009045830905205804,0.984872119354639
EE87912.sortByCoord,0.01087266041563291,0.010145107498716853,1.071714658223984
EE87913.sortByCoord,0.008790168534826814,0.008140909033842491,1.079752703080859
EE87914.sortByCoord,0.052501552849023025,0.009267483378127309,5.665135906575759
EE87915.sortByCoord,0.007981483570847546,0.003851036838160779,2.0725544590374345
EE87916.sortByCoord,0.02243789380160386,0.004883605415886606,4.594534547900267
EE87917.sortByCoord,0.047496233638852116,0.00775645231553253,6.123448157315358
EE87918.sortByCoord,0.0034664880278855695,0.004591103304987715,0.7550446586814159
EE87919.sortByCoord,0.0112036633219007,0.005020999094616946,2.2313613507543226
EE87920.sortByCoord,0.07255650202594636,0.056145777508147955,1.2922877773919303
EE87921.sortByCoord,0.070549973056067,0.057037295258739365,1.2369095122065277
EE87922.sortByCoord,0.00937927017499398,0.005305577745937978,1.767813162699364
EE87923.sortByCoord,0.008692094861921197,0.003896146809449559,2.2309464419666467
EE87924.sortByCoord,0.008806293971358129,0.004518299432017165,1.9490284129811681
EE87925.sortByCoord,0.010093342646296445,0.005096711061102841,1.9803639102335966
EE87926.sortByCoord,0.012394474839940923,0.005714276147588803,2.169036728330131
EE87927.sortByCoord,0.010227973604271585,0.005719917749170296,1.7881329859603676
EE87928.sortByCoord,0.004004011853945465,0.0032139879167024394,1.2458079985731845
EE87929.sortByCoord,0.01121612223100006,0.005739696876347059,1.9541314589662417
EE87931.sortByCoord,0.009456350495429183,0.004955599130359307,1.9082153835844158
EE87932.sortByCoord,0.006931626065646893,0.0048413034112809415,1.4317685707314265
EE87933.sortByCoord,0.009937988121388837,0.004944966487918873,2.009717992157984
EE87934.sortByCoord,0.008599537518922182,0.004666318312482975,1.842895606996497
EE87935.sortByCoord,0.003981645084797956,0.0028282648770693434,1.4078048760849262
EE87936.sortByCoord,0.0059281588609571955,0.003455108460882884,1.7157663581543177
EE87937.sortByCoord,0.007396216525974401,0.0033629556476224265,2.1993202709061737
EE87938.sortByCoord,0.004882871866038387,0.003137393329978794,1.5563467351641853
EE87939.sortByCoord,0.005778247985388525,0.004555775986245302,1.2683345280439784
EE87940.sortByCoord,0.0028719171496434533,0.002075130877047395,1.3839691661905045
EE87941.sortByCoord,0.006174977025170296,0.0022761627174770335,2.7128890996048054
EE87942.sortByCoord,0.0022355557066667596,0.0037239371496463123,0.6003204718100802
EE87943.sortByCoord,0.002808057978103441,0.0029643852403550943,0.947264862837825
EE87944.sortByCoord,0.0042888098938848665,0.0018059929108570918,2.3747656306410825
EE87945.sortByCoord,0.0022682947676236015,0.0033052385378412093,0.6862726371044676
EE87946.sortByCoord,0.004977494779428412,0.005662463454247843,0.8790334488948298
EE87947.sortByCoord,0.006410694463811136,0.006153772706694597,1.041750283827844
EE87948.sortByCoord,0.003738965023532693,0.0037359693407431364,1.0008018488687493
EE87949.sortByCoord,0.0035693003231507354,0.001917152870937427,1.8617713679793622
EE87950.sortByCoord,0.005466796638262983,0.004380349034714131,1.2480276331723312
EE87951.sortByCoord,0.002868547281438541,0.002775241398679038,1.0336208168427852
EE87952.sortByCoord,0.004617423520512024,0.0018083837303862766,2.553342768421018
EE87953.sortByCoord,0.002158346523096615,0.0043107264737471986,0.500692061127326
EE87954.sortByCoord,0.002821003411759315,0.0029104129723603422,0.9692794247929303
EE87955.sortByCoord,0.003074874882100826,0.00327527517680763,0.9388142113597516
EE87956.sortByCoord,0.003696501945000278,0.0024379416481217567,1.5162388926938197
EE87957.sortByCoord,0.004003862752100635,0.0028081561041645342,1.4257977845899843
EE87958.sortByCoord,0.004578940642399218,0.002291165460435509,1.9985202821313675
EE87959.sortByCoord,0.005131028593160215,0.0017071619380350758,3.005589849938882
EE87960.sortByCoord,0.0023009352926264054,0.002554111001719449,0.900875212971322
EE87961.sortByCoord,0.003822788185834384,0.003720048279312402,1.027617896007783
EE87962.sortByCoord,0.0038640939121053815,0.0022791968860977393,1.695375215574806
EE87963.sortByCoord,0.0036104411773666394,0.002573190856432918,1.4030988678280973
EE87964.sortByCoord,0.005084143756127101,0.0017140090497204238,2.966229237212247
EE87965.sortByCoord,0.00414508326238308,0.004699785398620314,0.8819728797829632
EE87966.sortByCoord,0.0025323514396610393,0.0020658601578594136,1.2258097093488607
EE87967.sortByCoord,0.0037752506297576154,0.002076025927191033,1.818498786701435
EE87968.sortByCoord,0.003303150698031906,0.001775560491310838,1.86034253082152
EE87969.sortByCoord,0.002945283411645487,0.002967366043586082,0.9925581705740933
EE87970.sortByCoord,0.0024986915902095973,0.0028583045112217896,0.8741866307104994
EE87971.sortByCoord,0.00537733548184557,0.0018530163545099187,2.9019363314080167
EE87972.sortByCoord,0.002809244722259274,0.002608625277669805,1.0769061951161782
EE87973.sortByCoord,0.001589287368089494,0.0032429798917909124,0.4900700655321737
EE87974.sortByCoord,0.002722536591949197,0.004269441476586942,0.6376798011822462
EE87975.sortByCoord,0.0023871663884728798,0.0035890671881443747,0.6651216773980474
EE87976.sortByCoord,0.003542537591783583,0.0023899124094627316,1.4822876260054942
EE87977.sortByCoord,0.0029083740027178776,0.0034040628586461215,0.8543831660836628
EE87978.sortByCoord,0.00451051624857599,0.005393597165049215,0.8362723634246112
EE87979.sortByCoord,0.005031234982767024,0.005300941877438309,0.9491209485206389
EE87980.sortByCoord,0.0025126516258042035,0.003387821242568528,0.7416718433169747
EE87981.sortByCoord,0.005091053635197766,0.002658222470992673,1.9152097654552551
EE87982.sortByCoord,0.002292732131879453,0.0036356290682004275,0.6306287272079479
EE87983.sortByCoord,0.00567804077665691,0.003496078773288303,1.624116944972702
EE87984.sortByCoord,0.0021924969530424,0.003804497426283012,0.5762908230390016
EE87985.sortByCoord,0.0033697151979165704,0.003165803496490164,1.0644107259507665
EE87986.sortByCoord,0.00412741550888275,0.0050821437846373645,0.8121406406011908
EE87987.sortByCoord,0.002237092606940889,0.004171642397911045,0.5362618349216883
EE87988.sortByCoord,0.0013246132189346947,0.003578876109929846,0.37011988631276205
EE87989.sortByCoord,0.003862832683083661,0.004656021667531703,0.8296423339308608
EE87990.sortByCoord,0.0028987137258042715,0.0033455170270777477,0.8664471596894692
EE87991.sortByCoord,0.019378598553699573,0.013113447594056398,1.4777653561129738
EE87992.sortByCoord,0.0025340404292285832,0.003428220874024137,0.7391707017564649
EE87993.sortByCoord,0.008990242514252646,0.0027712253311695553,3.2441398442538216
EE87994.sortByCoord,0.0019839956750411837,0.002618821929729504,0.7575909047187905
EE87995.sortByCoord,0.002850322485901552,0.002611362503907601,1.0915077786543903
EE87996.sortByCoord,0.00411219038399285,0.0038813596102587264,1.0594716277059255
EE87997.sortByCoord,0.0029581564923722363,0.0033346509100212443,0.8870963024892433
EE87998.sortByCoord,0.0025150982890789937,0.0038100091713406275,0.660129195488001
EE87999.sortByCoord,0.0022320230254213127,0.003774584234975486,0.5913295045158288
EE88000.sortByCoord,0.0031687712226681672,0.00239415922307275,1.3235423910533621
EE88001.sortByCoord,0.002771838110500362,0.002358895000538179,1.1750578596622445
EE88002.sortByCoord,0.0012867520161083407,0.003594477413618343,0.3579802758624223
EE88003.sortByCoord,0.002253053237494506,0.004361885393079322,0.5165319659863731
EE88004.sortByCoord,0.001880472918747447,0.003123804970740885,0.6019815373753785
EE88005.sortByCoord,0.0016323529218507768,0.0026479242624280848,0.6164651100533922
EE88006.sortByCoord,0.0044590817055923495,0.005227995316454852,0.8529238141353368
EE88007.sortByCoord,0.005477993182768255,0.0031472883121824134,1.7405438076849302
EE88008.sortByCoord,0.0043901160924925495,0.004743428766902355,0.9255153409544016
EE88009.sortByCoord,0.004793851084708203,0.004866201741637605,0.9851320062811341
EE88010.sortByCoord,0.00308671752984422,0.003390001886940634,0.9105356376747865
EE88011.sortByCoord,0.001083751702098038,0.00248372318803359,0.4363415807846382
EE88012.sortByCoord,0.0032711683618532506,0.002649270506147119,1.2347430563482054
EE88013.sortByCoord,0.0034291429489189972,0.0031902891388447935,1.07486901646811
EE88014.sortByCoord,0.0017885999163884305,0.003259329419553849,0.5487631614214871
EE88015.sortByCoord,0.003250721743440175,0.0036057711987119287,0.9015330048122338
EE88016.sortByCoord,0.0016815029914174155,0.002808759590646149,0.5986639073764906
EE88017.sortByCoord,0.0021133848725458644,0.004229534977594908,0.49967310442899426
EE88018.sortByCoord,0.0024738416346056307,0.003330219594191497,0.7428463993547021
EE88019.sortByCoord,0.0014710338477859615,0.003237881486096149,0.45431985515923207
EE88020.sortByCoord,0.0016705948585143907,0.0034062669783825935,0.49044742209480113
EE88021.sortByCoord,0.0021884605397373804,0.004871710753140222,0.4492180777207957
EE88022.sortByCoord,0.005119498287865219,0.003859452006767109,1.3264832102818644
EE88023.sortByCoord,0.003412427783417632,0.0036345497876922607,0.9388859646312167
EE88024.sortByCoord,0.003843044907209988,0.004149871978986344,0.9260634850110963
EE88025.sortByCoord,0.003073360942723185,0.004680944582870181,0.6565685383181175
EE88026.sortByCoord,0.0031290487410533,0.0035104871085099324,0.8913431795456619
EE88027.sortByCoord,0.0030525182445788105,0.0037934494888199844,0.8046813997590218
EE88028.sortByCoord,0.004064662196449526,0.0022816940839321797,1.781422945816054
EE88029.sortByCoord,0.003036337809647445,0.003396629653320388,0.8939266624723897
EE88030.sortByCoord,0.002673362166762677,0.0038148999114437955,0.7007686253427577
EE88031.sortByCoord,0.0042980441392721285,0.003058105177493448,1.4054598811395318
EE88032.sortByCoord,0.0027585582590005137,0.0031860560986795962,0.8658222496910047
EE88033.sortByCoord,0.0033727564986967837,0.003005833810202801,1.1220701847349395
EE88034.sortByCoord,0.0016677657007802672,0.0027989823607577177,0.5958471636558593
EE88035.sortByCoord,0.0048270473639078675,0.00330318995662183,1.4613290265766263
EE88036.sortByCoord,0.0037039585124049408,0.0034165851945130317,1.084111269449222
EE88037.sortByCoord,0.007023327718949466,0.0027155764378833454,2.5863119229388345
EE88038.sortByCoord,0.005080641331205498,0.0024690559086341804,2.0577263209952914
EE88039.sortByCoord,0.005063141288476092,0.002632109576077256,1.9236058158421754
EE88040.sortByCoord,0.003535776528238054,0.003778860156485337,0.9356727642249213
EE88041.sortByCoord,0.003792438984216167,0.0038224476686390856,0.9921493537585557
EE88042.sortByCoord,0.005035712307254953,0.002895984310529554,1.7388603553360178
EE88043.sortByCoord,0.004431919387108866,0.003970090717072337,1.1163269816607857
EE88044.sortByCoord,0.003511955190092585,0.004123182434305475,0.8517583798554751
EE88045.sortByCoord,0.003693434679057713,0.0024302058007218325,1.5198032520376132
EE88046.sortByCoord,0.004140835254253149,0.004303902003121094,0.96211188155546
EE88047.sortByCoord,0.002518388428443096,0.00486187353290701,0.5179872350437922
EE88048.sortByCoord,0.006033810877708525,0.002102171451602521,2.8702753398676633
EE88049.sortByCoord,0.005484890687822647,0.004338480620814067,1.2642422929143955
EE88050.sortByCoord,0.003362693887592308,0.0037366824289066657,0.8999142826745957
EE88051.sortByCoord,0.003627792643582748,0.003816343486655573,0.9505938488681321
EE88052.sortByCoord,0.003540277247798378,0.004208853763793664,0.8411499772820183
EE88053.sortByCoord,0.0020515993590652535,0.002207604870922792,0.9293326836190903
EE88054.sortByCoord,0.0018939794852665948,0.0025354137051067796,0.7470100368439987
EE88055.sortByCoord,0.007272681764050066,0.0016641216773621236,4.370282451688467
EE88056.sortByCoord,0.0032496709782548336,0.004008876811235422,0.8106188170080929
EE88057.sortByCoord,0.002894651107225241,0.0036245439858868024,0.7986249079874302
EE88058.sortByCoord,0.0032859789292843237,0.003935307649047673,0.834999248427125
EE88059.sortByCoord,0.002608225146487873,0.0036265749681563043,0.7191979124628037
EE88060.sortByCoord,0.003215984170687926,0.00317792299501887,1.0119767457325788
EE88061.sortByCoord,0.008484875695217381,0.005773667815269529,1.4695815496654594
EE88062.sortByCoord,0.0008901357664272389,0.0033013970033744827,0.2696239699489027
EE88063.sortByCoord,0.0071449219568140016,0.005875133588068684,1.2161292759919577
EE88064.sortByCoord,0.004124362571507999,0.005010217243927031,0.8231903669461057
EE88065.sortByCoord,0.0012517305335242109,0.0034464508103011016,0.3631940806417175
EE88066.sortByCoord,0.0011953220889883696,0.002543037585433163,0.47003713033394545
EE88067.sortByCoord,0.00270083416567836,0.0026406144106227124,1.0228052057935435
EE88068.sortByCoord,0.005048561616016766,0.0015389556079845217,3.280511529912527
EE88069.sortByCoord,0.007101469019150365,0.0015549495543244517,4.56700926367711
EE88070.sortByCoord,0.0031847062573766784,0.0034893987773879265,0.9126805104691035
EE88071.sortByCoord,0.004894700036890338,0.0020674311325475305,2.367527488501631
EE88072.sortByCoord,0.0035977917940597155,0.002272749953772904,1.5830125914587132
EE88073.sortByCoord,0.002651778310366073,0.0025491969275293802,1.0402406662776391
EE88074.sortByCoord,0.004186478710829887,0.001690620879826601,2.4762965847548704
EE88075.sortByCoord,0.005940498033153185,0.001735701644357773,3.422534081513317
EE88076.sortByCoord,0.007819709484645561,0.0047661911806880595,1.6406621531108385
EE88077.sortByCoord,0.006461155778907111,0.0012829020607462531,5.036359342309196
EE88078.sortByCoord,0.0014053795301274337,0.0036652804929878558,0.3834302812066095
EE88079.sortByCoord,0.006402206961432588,0.003421461159529641,1.8711908926982292
EE88080.sortByCoord,0.0028084078210394857,0.0018456613536966032,1.5216268225016658
EE88081.sortByCoord,0.004544189041854061,0.0022764101712112223,1.9962083719895736
EE88082.sortByCoord,0.004536698678965144,0.0020215412544105763,2.24417813342519
EE88083.sortByCoord,0.0075458624866475005,0.0022673072037908025,3.328116487272333
EE88084.sortByCoord,0.006153174527606559,0.003545460859166321,1.7355076736211426
EE88085.sortByCoord,0.009545599320770436,0.0020178608993870503,4.730553688646243
EE88086.sortByCoord,0.009121926158401067,0.003050931430016834,2.9898823908837358
EE88087.sortByCoord,0.004720360997581442,0.0045072448964203855,1.0472830090351448
EE88088.sortByCoord,0.005892575601599538,0.003335068177470489,1.7668531160489835
EE88089.sortByCoord,0.005684699475613195,0.002616855330763465,2.17233998715347
EE88090.sortByCoord,0.002657882267771009,0.004612024158599304,0.5762940904841708
EE88091.sortByCoord,0.0023589067652207843,0.0025313433023107976,0.9318794345545306
EE88092.sortByCoord,0.0032286748326018967,0.002802034975740679,1.1522607178550446
EE88093.sortByCoord,0.0013401239145501035,0.0030788760845757144,0.4352639982049748
EE88094.sortByCoord,0.003650116245662024,0.0046641766654694945,0.782585332302074
EE88095.sortByCoord,0.0036319341636666,0.002720624032233105,1.3349636409281755
EE88096.sortByCoord,0.0024077586275182833,0.002984241544358735,0.8068243108771785
EE88097.sortByCoord,0.00464412218879162,0.0030570202483049132,1.519166316077474
EE88098.sortByCoord,0.0025549178659402846,0.004741635970748496,0.5388262367043279
EE88099.sortByCoord,0.00405018685718384,0.0026803625689847906,1.511059326096276
EE88100.sortByCoord,0.0024672771261440253,0.0027802972753744127,0.8874148631504759
EE88101.sortByCoord,0.0028457855095189322,0.003300900468615924,0.8621239981562295
EE88102.sortByCoord,0.0014424787821599578,0.003289648232722985,0.4384902822773714
EE88103.sortByCoord,0.002356986072576565,0.0022510993183900456,1.0470377976313583
EE88104.sortByCoord,0.003466911224638726,0.0037470839048021733,0.9252291415720943
EE88105.sortByCoord,0.0026492052231480456,0.003593075256301646,0.7373085822518712
EE88106.sortByCoord,0.002758581546796335,0.0027873415821981365,0.9896819121181694
EE88107.sortByCoord,0.004172800437953534,0.003574714501981301,1.1673101266243056
EE88108.sortByCoord,0.0038858729863629825,0.0036843810997842195,1.0546881229497578
EE88109.sortByCoord,0.0026034627647398517,0.0027583762614588254,0.9438388812710256
EE88110.sortByCoord,0.00357106599384136,0.0027626886003647524,1.2926053241649744
EE88111.sortByCoord,0.003621208247799108,0.003818971327963059,0.948215615363252
EE88112.sortByCoord,0.0023285556171539377,0.0031259353692210806,0.7449148309595941
EE88113.sortByCoord,0.003190360309741405,0.0034444071252419895,0.9262436737983649
EE88114.sortByCoord,0.002789177131416417,0.002582535159787441,1.0800151629478625
EE88115.sortByCoord,0.003860642259516643,0.0027161502878733654,1.4213654806779372
EE88116.sortByCoord,0.004042808895279169,0.0032321524442028436,1.2508100917487077
EE88117.sortByCoord,0.0016026766932328526,0.003358171040832301,0.47724689235472634
EE88118.sortByCoord,0.0067616274065664984,0.005301948359759472,1.2753099328325495
EE88119.sortByCoord,0.0038016720370485754,0.0025435401675812292,1.4946380975236426
EE88120.sortByCoord,0.003168144857775778,0.003481443758783974,0.9100089150606794
EE88121.sortByCoord,0.0015880941931522177,0.0038860266440506734,0.40866786016084483
EE88122.sortByCoord,0.003699646072950296,0.0028866469224006477,1.2816413549716452
EE88123.sortByCoord,0.0032865249071193856,0.0023524912057806876,1.3970402520713074
EE88124.sortByCoord,0.0035057103907821575,0.002689735431879278,1.3033662527666412
EE88125.sortByCoord,0.003020059157887502,0.0038532878989562852,0.7837616178914442
EE88126.sortByCoord,0.0019149148774504957,0.00345655202045709,0.5539956772290295
EE88127.sortByCoord,0.0024907814390747064,0.0034355973571478077,0.7249922444760883
EE88128.sortByCoord,0.003527608657190752,0.002580288854833225,1.3671371135766721
EE88129.sortByCoord,0.00166031454937863,0.0035043892853895155,0.47378142499773246
EE88130.sortByCoord,0.005861453264204487,0.00418344394640202,1.4011071593885325
EE88131.sortByCoord,0.00213928254700041,0.0037086307602819555,0.576838915836897
EE88132.sortByCoord,0.01606497493630787,0.00523903795664472,3.066397890080662
EE88133.sortByCoord,0.003377640066133689,0.0027939927275125627,1.2088936498917577
EE88134.sortByCoord,0.006804440806117725,0.005386795486894593,1.2631704364259024
EE88135.sortByCoord,0.005425029606902885,0.0041496192459360105,1.3073559971112931
EE88136.sortByCoord,0.0031259131276047416,0.0032206811589371317,0.9705751589009621
EE88137.sortByCoord,0.0035600476185175004,0.0023526997487527635,1.5131754999356752
EE88138.sortByCoord,0.003227675544222696,0.0026502007505980535,1.2178985095730306
EE88139.sortByCoord,0.0049868370584691705,0.003913747682046776,1.2741846086156476
EE88140.sortByCoord,0.00445492490001325,0.005037090016898515,0.8844243174268859
EE88141.sortByCoord,0.004448096879232642,0.004920022985580048,0.9040805078084878
EE88142.sortByCoord,0.005226639305295229,0.00402310193572448,1.29915656843878
EE88143.sortByCoord,0.0026078844013899664,0.003560501725396933,0.7324485711628839
EE88144.sortByCoord,0.005001749700616027,0.003944398658958175,1.2680639390383341
EE88145.sortByCoord,0.0028443035108709994,0.004553668798921665,0.6246180028605829
EE88146.sortByCoord,0.004794489174682314,0.0054039273084870425,0.8872231066380951
EE88147.sortByCoord,0.0051079086755859695,0.005682389530782258,0.8989015356859558
EE88148.sortByCoord,0.0017323357520847603,0.0036285869293958364,0.47741332529497815
EE88149.sortByCoord,0.0033872216098349895,0.004147328744749525,0.8167236836778798
EE88150.sortByCoord,0.0019589836304908918,0.0030436032024918594,0.6436396271652731
EE88151.sortByCoord,0.0017531187160575385,0.003778318809145067,0.4639943860254139
EE88152.sortByCoord,0.002228595663453415,0.003701198674535045,0.6021280832035792
EE88153.sortByCoord,0.003191544271616598,0.0042949682310841515,0.7430891452277347
EE88154.sortByCoord,0.003276663879434762,0.003921016589381444,0.8356669258447766
EE88155.sortByCoord,0.004228615929792182,0.0036820800674742323,1.1484312813145459
EE88156.sortByCoord,0.0038191989669194236,0.0018387724017050477,2.0770373556716297
EE88157.sortByCoord,0.004769066408687888,0.0029718341035619164,1.604755259713819
EE88158.sortByCoord,0.003347681557745033,0.0030479550391989624,1.0983369225239104
EE88159.sortByCoord,0.004314798187472518,0.0030713005366874656,1.4048765778311687
EE88160.sortByCoord,0.007957066398119259,0.006002932263331778,1.3255299325504777
EE88161.sortByCoord,0.007778720817767282,0.004746633547669607,1.6387868875165852
EE88162.sortByCoord,0.0061502163546005885,0.002066547639215805,2.976082543606117
EE88163.sortByCoord,0.0068109052524632525,0.0017540045849002792,3.883060119167519
EE88164.sortByCoord,0.003355007060712693,0.003792520023155923,0.8846379294580081
EE88165.sortByCoord,0.00805786514120883,0.0046782412568514625,1.722413338433066
EE88166.sortByCoord,0.005960069082757387,0.002355855277008857,2.5298961022447304
EE88167.sortByCoord,0.00925408478303818,0.005339667428741818,1.7330826135774364
EE88168.sortByCoord,0.0047764407112706134,0.0021499807912787722,2.221620179420146
EE88169.sortByCoord,0.003292548210188913,0.0025335533940804103,1.2995771937871436
EE88170.sortByCoord,0.0009995711736105555,0.004077715705055844,0.24513017726351433
EE88171.sortByCoord,0.0033434448688731766,0.004869493628829374,0.6866103795841583
EE88172.sortByCoord,0.004491352185328412,0.0021673053231753055,2.072320931112816
EE88173.sortByCoord,0.005233138723033796,0.0012006771198578338,4.358489585987468
EE88174.sortByCoord,0.005843432466405824,0.0012763632319238525,4.578189280490369
EE88175.sortByCoord,0.00264599798902241,0.0025692788667925005,1.0298601771966023
EE88176.sortByCoord,0.006622624382765091,0.0014878710579912995,4.451074135218388
EE88177.sortByCoord,0.0012639467436435176,0.003634615068070126,0.3477525735110751
EE88178.sortByCoord,0.003124960390562919,0.0030132838378908746,1.0370614116293178
EE88179.sortByCoord,0.0034074029111109483,0.003122781981395407,1.091143387982647
EE88180.sortByCoord,0.005798179281059289,0.0017814390396676098,3.2547727718716346
EE88181.sortByCoord,0.0024141657617734427,0.003766759347281619,0.6409131933304125
EE88182.sortByCoord,0.0026506136794134955,0.0038924100143952075,0.6809698026700152
EE88183.sortByCoord,0.008898194885346756,0.0031259840863921353,2.8465259705197785
EE88184.sortByCoord,0.007488651139236622,0.0036425617766467186,2.0558748480940108
EE88185.sortByCoord,0.006812516493822536,0.002610130305081372,2.610029269634549
EE88186.sortByCoord,0.007227424465254962,0.0022134180952319573,3.2652775726483596
EE88187.sortByCoord,0.004705157977189712,0.001981185411475734,2.374920565200892
EE88188.sortByCoord,0.0065495749627215065,0.0016461132809373344,3.9788118099575924
EE88189.sortByCoord,0.006346505599416978,0.0014511177755988304,4.373528948605137
EE88190.sortByCoord,0.0025280866173363462,0.003337141954187153,0.7575604070915608
EE88191.sortByCoord,0.0018571223576202493,0.002458086612080448,0.7555154275253299
EE88192.sortByCoord,0.0014448926675631425,0.0025360814697598737,0.5697343262793331
EE88193.sortByCoord,0.007157285625518564,0.0015871543026077192,4.509508378460136
EE88194.sortByCoord,0.0068909988890166335,0.0032633920924340374,2.1116061735250775
EE88195.sortByCoord,0.01590172778282123,0.0045463725966417385,3.4976736826557797
EE88196.sortByCoord,0.012143537492781914,0.0020374595821862633,5.9601366323799585
EE88197.sortByCoord,0.02715149023566736,0.002825408007408484,9.60975907354747
EE88198.sortByCoord,0.009962864181764267,0.0029966734289008567,3.324641279119468
EE88199.sortByCoord,0.00475439104793737,0.00168125980330633,2.8278740969048837
EE88200.sortByCoord,0.0033352017861194784,0.002515988724381464,1.3256028350999114
EE88201.sortByCoord,0.007628725354731146,0.0011504446684598017,6.631110181895467
EE88202.sortByCoord,0.003923700643162854,0.003972866908242139,0.9876244872494259
EE88203.sortByCoord,0.011397395838073062,0.0031566922210261605,3.6105502342474356
EE88204.sortByCoord,0.008588318463316891,0.0021587885797663894,3.978304565723738
EE88205.sortByCoord,0.009653399473207704,0.0025532337584595276,3.780852200165175
EE88206.sortByCoord,0.016089339636284148,0.003696045472335043,4.353122751522703
EE88207.sortByCoord,0.0039307358628783914,0.00425915369256619,0.9228912940472165
EE88208.sortByCoord,0.0019093150973425877,0.0027356847945765902,0.6979294914120755
EE88209.sortByCoord,0.011802188795582877,0.0024081988918139836,4.900836403380636
EE88210.sortByCoord,0.0012086467402923173,0.0028131699293159843,0.429638724521059
EE88211.sortByCoord,0.005483691506648143,0.0008677148284108438,6.3196932069158285
EE88212.sortByCoord,0.007192229438351229,0.003267104793239287,2.201407635663941
EE88213.sortByCoord,0.005344469407772674,0.0011833283478261127,4.516472049022552
EE88214.sortByCoord,0.005126801373332934,0.0018500957282013622,2.771100595057933
EE88215.sortByCoord,0.0035267406294619726,0.002401913700706796,1.4683044725645975
EE88216.sortByCoord,0.0039344391961345605,0.0013632992371821256,2.885968897237013
EE88217.sortByCoord,0.01621236400164727,0.008006986369725761,2.024777269878448
EE88218.sortByCoord,0.015067113848832461,0.00792538348246249,1.9011211106911599
EE88219.sortByCoord,0.016957474843681156,0.00886523281214411,1.9128064883363045
EE88220.sortByCoord,0.005133386699988094,0.004015976848018168,1.2782411090146977
EE88221.sortByCoord,0.003574123877798687,0.0018977337264978686,1.8833642612203958
EE88222.sortByCoord,0.003596691694103923,0.0016653065160782826,2.159777590118341
EE88223.sortByCoord,0.003298328228615124,0.0017177853197046014,1.9201050275492635
EE88224.sortByCoord,0.0016063939678170678,0.001972100674160505,0.8145598188088886
EE88225.sortByCoord,0.0016568571388142555,0.0034055018572263364,0.48652363389509595
EE88226.sortByCoord,0.004492048065627641,0.0027584888990928305,1.6284452212604215
EE88227.sortByCoord,0.002305466289252273,0.0037290778759222136,0.6182403173015323
EE88228.sortByCoord,0.002449545094671708,0.0024033870301373573,1.019205422994944
EE88229.sortByCoord,0.004954992918754979,0.00430449072566118,1.1511217550582318
EE88230.sortByCoord,0.0034921289293756643,0.003545298970501661,0.9850026636488507
EE88231.sortByCoord,0.002655668223450611,0.002473108958140181,1.073817720286662
EE88232.sortByCoord,0.004172470940622344,0.0036292755061801346,1.1496704875442014
EE88233.sortByCoord,0.003007132832701954,0.004077930849444397,0.7374163377762192
EE88234.sortByCoord,0.003481353272718147,0.0033193893457099857,1.0487932900120576
EE88235.sortByCoord,0.0034544300545462535,0.00472821300291881,0.7305994997293421
EE88236.sortByCoord,0.0033011602957958262,0.0038842738153381197,0.8498783692231712
EE88237.sortByCoord,0.012926874539081501,0.0035320585978516955,3.6598697844209083
EE88238.sortByCoord,0.014234243950220746,0.007872539105013296,1.808088059055339
EE88239.sortByCoord,0.0044098564237360915,0.003152974510155539,1.3986337058965153
EE88240.sortByCoord,0.004102264608792927,0.003575309338797994,1.1473873223434405
EE88241.sortByCoord,0.028208388807875958,0.016751585087406727,1.6839235607072234
EE88242.sortByCoord,0.0017618806458996738,0.0020720763256636726,0.8502971749051546
EE88243.sortByCoord,0.0027920113328493315,0.0033016182850480755,0.8456493427763642
EE88244.sortByCoord,0.004582301294353452,0.004328489190980279,1.0586375735677167
EE88245.sortByCoord,0.0032049955386894763,0.004547628914645853,0.7047618877537781
EE88246.sortByCoord,0.004030778648995622,0.003567880679651536,1.1297403167051248
EE88247.sortByCoord,0.0028399515559893343,0.002505875748032792,1.1333169883697563
EE88248.sortByCoord,0.0034064667458330654,0.002837735042418137,1.2004174790505782
EE88249.sortByCoord,0.00291059832159345,0.0033702426375544076,0.8636168473927756
EE88250.sortByCoord,0.006650201454952103,0.003249574091983394,2.0464840212007966
EE88251.sortByCoord,0.0032207252007313285,0.003084824879576473,1.044054468717042
EE88252.sortByCoord,0.006501102248680648,0.001368066211036727,4.752037727584897
EE88253.sortByCoord,0.004719759352989678,0.002093225840008357,2.254777894854783
EE88254.sortByCoord,0.0068983156242975316,0.0012019149157667841,5.73943757066749
EE88255.sortByCoord,0.002058973150571804,0.0016282515375051153,1.2645301436205987
EE88256.sortByCoord,0.001622290150045823,0.004152718643151108,0.3906573715802763
EE88257.sortByCoord,0.002735346323445052,0.0026612790988852714,1.027831438119664
EE88258.sortByCoord,0.007193928561014549,0.0015362222723517996,4.68286958891787
EE88259.sortByCoord,0.003148276789439149,0.002417761892498013,1.30214509510131
EE88260.sortByCoord,0.007244593309271086,0.0013493758153127222,5.368847749499741
EE88261.sortByCoord,0.004328816984391938,0.0013878822666427587,3.1190087865761145
EE88262,0.0207409935266628,0.011520660906594142,1.8003301802582494
EE88263,0.0025120652952938622,0.002619742620562798,0.9588977465099973
EE88264,0.0038982642346565848,0.00155658782340912,2.504365109396079
EE88265,0.004909156552301474,0.0016395214687762467,2.9942618293163994
EE88266,0.006016220631683616,0.0012716060604865671,4.73119845731277
EE88267,0.007553113408726318,0.0024015320185182738,3.145122925900663
EE88268,0.002582850315814768,0.001477379205957216,1.748264971782448
EE88269,0.0044558160261979635,0.004383867427311202,1.0164121292625152
EE88270,0.005291764639036238,0.0012661041137292687,4.179565157125598
EE88271,0.006152287881823763,0.005889487500635474,1.044621943956912
EE88272,0.005809158830407122,0.0014741303439200514,3.9407362139763253
EE88273,0.004231114894891208,0.0024370893615439596,1.7361344896317987
EE88274,0.010293886621511225,0.0035802044255097607,2.8752231431716497
EE88275,0.005385353683069242,0.0035284269726783423,1.5262760784818943
EE88276,0.0013078783189504715,0.003213806042269292,0.4069562076082753
EE88277,0.002353290957813051,0.003769930375191825,0.624226636464953
EE88278,0.001869285423993815,0.004705597118582366,0.3972472306675005
EE88279,0.004139607866315031,0.0012532325939659846,3.3031441140664977
EE88280,0.0071715047639763305,0.007411291419276407,0.9676457662052793
EE88281,0.001983538355936829,0.003192798161625145,0.6212539144432485
EE88282,0.00688122707570666,0.001386868383728077,4.961701597962061
EE88283,0.002166607278721535,0.0028482702548723008,0.760674755148427
EE88284,0.008533429274086455,0.001773553756515494,4.811486115228956
EE88285,0.004587803698891518,0.0018799979916944375,2.440323723301716
EE88286,0.006503176784171555,0.0016184542417300167,4.01814065328168
EE88287,0.0017476434417386755,0.0035667445098006723,0.48998279437636044
EE88288,0.007799323079037294,0.0010487300394619598,7.4369215961799435
EE88289,0.008553203688217905,0.0009627583241384923,8.884061008635362
EE88290,0.005844247106689719,0.00216556777944847,2.6987135485448257
EE88291,0.005807337130521215,0.002536373004002074,2.2896226703871925
EE88292,0.0034945835597458945,0.00275367618516939,1.269061183942704
EE88293,0.007108017329635424,0.004354278614640793,1.6324213397221485
EE88294,0.016732864141231853,0.006267345587587826,2.669848647626912
EE88295,0.008133362872732515,0.0023251007500855432,3.4980690073035667
EE88296,0.006352631875007197,0.0019503776133184265,3.257129199816159
EE88297,0.007574862856033572,0.003857704715418729,1.963567306164689
EE88298,0.004912949066507372,0.0013175541369205884,3.7288403784227087
EE88299,0.007319737246725679,0.0031344292839449333,2.3352695446723226
EE88300,0.004399205172511959,0.004481901330365302,0.9815488669299638
EE88301,0.005919267774107093,0.003964163308189186,1.4931947333953282
EE88302,0.0061994292261274,0.0040359969774078665,1.536034159794888
EE88303,0.0038771822420161804,0.002223002445258723,1.7441196478598278
EE88304,0.006281310221963126,0.0030430512228208787,2.064148698798574
EE88305,0.006711819742537227,0.004264088772315122,1.5740337739012753
EE88306,0.015397328708823498,0.0049282851784654665,3.124277137228858
EE88307,0.010208015373840054,0.004088490529244544,2.4967687465149275
EE88308,0.0022509030416284423,0.002588602920098909,0.8695435766341625
EE88309,0.0033718901970026826,0.002811708999126391,1.1992315698567462
EE88310,0.007639323673547912,0.003675140152198776,2.0786482575303773
EE88311,0.0023843785597021613,0.0030452175783467093,0.7829911979546215
EE88312,0.005720911050422552,0.0012582370794376589,4.546767174417866
EE88313,0.006285240245522392,0.0010318776707791092,6.09107108672754
EE88314,0.002765582798033612,0.004125159447647501,0.670418400338627
EE88315,0.003264946821857795,0.004813431452302522,0.6782992246198907
EE88316,0.002751968098627647,0.00298929861374975,0.9206066218910135
EE88317,0.0024085403230789137,0.0023238460845102465,1.0364457177836357
EE88318,0.007364022792236214,0.0024061825020004323,3.0604589577531933
EE88319,0.0028734612291146074,0.002962004186502313,0.9701070789193375
EE88320,0.004543645893794396,0.0025209731218183273,1.8023380949484917
EE88321,0.0038278794050076175,0.001956827706363571,1.9561657843250164
EE88322,0.008666581352159222,0.004648117674201355,1.8645357023256355
EE88323,0.009857801921310071,0.004633803418882211,2.1273673115136202
EE88324,0.005559426603966824,0.004217864358949171,1.3180667112187283
EE88325,0.00854314860553012,0.004423289747976422,1.931401534217482
